SolarSystemID,Victim,Ship,Damage Taken
30000142,NastaKilla,Executioner,1520
30000156,Clone 163526,Slasher,1183
30000156,Joe Grayne,Cormorant,6807
30000156,Drowden Blacklyche,Caldari Shuttle,534
30000163,Terri Kane,Velator,688
30000157,Erymrog,Ferox,25930
30000156,Drowden Blacklyche,Capsule,438
30000142,Marcus Yeon,Malediction,3120
30000142,Vrachov Khurelem,Capsule,424
30000162,HC Two,Capsule,384
30000142,NastaKilla,Executioner,1159
30000156,Drowden Blacklyche,Vexor,8659
30000162,HC Two,Ibis,257
30000156,Big-Daddy-Lee Sertan,Punisher,1889
30000156,Pteradactyle,Condor,2089
30000156,Clone 163526,Slasher,1174
30000156,Martha Gomerz,Merlin,6356
30000156,Tiger Shadowstorm,Punisher,3647
30000156,dark102042 Arzi,Coercer,5942
30000156,JunkRaider,Executioner,2665
30000142,ShiroShe,Tristan,2395
30000163,Mysterika Illusione,Kestrel,1691
30000163,FireElf,Talos,15614
30000163,Trakannon,Malediction,1723
30000157,Dark Adoudel,Dragoon,1742
30000157,Baila Morenaa,Rifter,1842
30000157,Duncan Kurvora,Tristan,1970
30000163,Nalfe,Eagle,16400
30000163,Arrowman,Brutix,22820
30000156,Joe Grayne,Cormorant,6329
30000156,shadowboy9,Thrasher,7980
30000156,Liimis,Wolf,2603
30000156,Yankunytjatjara,Algos,4490
30000142,Joobu,Caracal,5171
30000156,Grave00,Kestrel,2615
30000156,Joe Grayne,Cormorant,10386
30000156,Zeb Bo,Rifter,1493
30000126,Christian vanLeeuwen,Catalyst,3859
30000126,Christian vanLeeuwen,Capsule,421
30000142,Marshall Arkaral,Bestower,1743
30000138,Svarterwyrd Dallocort,Omen,4407
30000145,Richard Link,Capsule,421
30000145,Richard Link,Drake,12452
30000156,dark102042 Arzi,Coercer,3069
30000142,Hamster Too,Capsule,461
30000163,Riddla,Prophecy,18364
30000163,Tymaul,Harpy,5494
30000163,morley911,Prophecy,17428
30000156,Croowdrio,Vengeance,4036
30000163,Lord Brainscan,Retribution,2999
30000163,Lord Brainscan,Capsule,467
30000156,DanBoucher,Vigil,1989
30000142,Vrachov Khurelem,Capsule,417
30000156,Liimis,Ishkur,2806
30000199,Fatal Ruby,Wreathe,4018
30000156,Grave00,Kestrel,2550
30000142,Scarity Akromeara,Hoarder,7719
30000156,Dark Adoudel,Rifter,3479
30000144,PhycoTrick,Capsule,462
30000144,PhycoTrick,Legion,26728
30000142,Bioclon,Hawk,4467
30000142,Bioclon,Capsule,446
30000164,Parap0nera,Augoror Navy Issue,19835
30000142,Repetor,Capsule,414
30000156,evilphoenix,Kestrel,3909
30000142,Repetor,Tormentor,1641
30000142,Acid Katelo,Heron,970
30000156,Giao Stasarik,Thrasher,4209
30000156,Zeb Bo,Rifter,1458
30000163,Nalfe,Oracle,16509
30000157,Croowdrio,Cormorant,2912
30000157,Dougfunny Aurilen,Corax,3053
30000131,Tobi Fry,Merlin,1471
30000131,Tobi Fry,Capsule,410
30000145,grim996,Capsule,461
30000156,Hooligan Anstian,Talwar,4176
30000157,Joe Grayne,Slasher,2301
30000142,Acid Katelo,Heron,974
30000145,Psychedemic,Capsule,462
30000145,Psychedemic,Hurricane,20409
30000156,Grave00,Kestrel,2579
30000156,Yankunytjatjara,Coercer,2996
30000157,Shirahama Takanobu,Incursus,2209
30000153,ZveRaBoy B0mpa,Nereus,5163
30000157,Joe Grayne,Cormorant,2837
30000142,Jifa Zateki,Capsule,424
30000156,Giao Stasarik,Atron,1312
30000156,lolkol Hekki,Merlin,4725
30000156,Joe Grayne,Cormorant,12190
30000186,Tal Holt,Algos,4764
30000163,Jean deSale,Viator,4896
30000142,Jifa Zateki,Capsule,424
30000163,meatomatic,Hound,1082
30000142,Jifa Zateki,Breacher,3268
30000156,Dzoni Cross,Tormentor,1455
30000156,Yankunytjatjara,Coercer,5623
30000157,Ren Austrene,Thrasher,4207
30000156,PhenixJr,Thrasher,2888
30000163,morley911,Prophecy,17917
30000156,Joe Grayne,Atron,2454
30000144,Bain Olacar,Iteron Mark V,4080
30000142,Kethrian,Capsule,461
30000142,Kethrian,Raptor,1327
30000198,Wolkus Rotsuda,Capsule,400
30000198,Wolkus Rotsuda,Heron,910
30000186,AuriCOM Aurum,Drake,51205
30000186,AuriCOM Aurum,Capsule,439
30000144,oliamarr,Capsule,384
30000162,YuriMiner Annages,Impairor,534
30000144,oliamarr,Executioner,1085
30000162,Kane Gepp,Capsule,454
30000162,Xii Wangmu,Capsule,384
30000156,Yankunytjatjara,Coercer,2956
30000162,Kane Gepp,Iteron Mark V,1696
30000162,Xii Wangmu,Ibis,517
30000156,jallin,Talwar,2672
30000139,Shiva Severasse,Capsule,391
30000156,Dougfunny Aurilen,Merlin,1530
30000144,Draden Blackheart,Capsule,384
30000156,Void Touch,Rifter,2157
30000144,Draden Blackheart,Venture,622
30000142,Conrad Blacke,Catalyst,3086
30000142,TehFresh,Capsule,391
30000142,Scarity Akromeara,Ibis,605
30000142,TehFresh,Rifter,2311
30000164,AE Rivven,Megathron,48921
30000163,Xii Wangmu,Tayra,2557
30000156,Hormone1971,Stabber,8652
30000186,Tombstone Carver,Slasher,2217
30000157,mekirite Kautsuo,Rifter,2095
30000156,PhenixJr,Maulus,1162
30000194,Aedanis,Probe,2142
30000145,ODESSA UA,Ishtar,14182
30000145,ODESSA UA,Capsule,460
30000156,Grave00,Kestrel,1495
30000139,rod Crown,Capsule,447
30000144,Quorra Adama,Iteron Mark V,3654
30000142,Sgt Felix,Drake,25272
30000142,Legacy XXIII,Reaper,477
30000142,Svammel Fancypants,Raptor,1699
30000142,Svammel Fancypants,Capsule,437
30000156,Clone 163526,Slasher,1120
30000156,Ren Austrene,Corax,4303
30000156,DanBoucher,Caracal,19926
30000156,Rose Valora,Merlin,2748
30000156,Calico Jack Rose,Punisher,2540
30000156,ZacK Dust,Cormorant,2634
30000162,Hakaaren,Ibis,460
30000156,TREMENDOJ,Condor,1269
30000156,Metal Jack,Thrasher,2933
30000156,Cosmo Blink,Cormorant,2799
30000156,Costodes OldMadLady,Cormorant,2891
30000156,Dzoni Cross,Punisher,1840
30000156,Aerondight,Omen,13853
30000156,Rise Altol,Vexor,8822
30000142,Twizted3,Cynabal,38338
30000156,Pteradactyle,Caracal,8339
30000156,Colonel Auralia,Atron,1102
30000156,PhenixJr,Maulus,1169
30000156,Viktor Rachtburger,Merlin,3680
30000156,Dougfunny Aurilen,Kestrel,3275
30000156,Rose Valora,Merlin,2753
30000156,jallin,Thrasher,2849
30000156,maximus teipsum,Vexor,10771
30000144,Magic kofr,Enyo,3317
30000156,Beben GT,Condor,966
30000156,Adrasteia Rhamnusia,Atron,1288
30000156,ZacK Dust,Caracal,9151
30000156,credokat,Bellicose,9508
30000144,Richard Gregor,Rifter,1720
30000144,Romann Ernaga,Capsule,402
30000144,Richard Gregor,Capsule,431
30000156,Giao Stasarik,Thrasher,4271
30000156,Cosmo Blink,Stabber,11871
30000156,Goladin,Thorax,5461
30000144,Romann Ernaga,Venture,648
30000156,Rahnaar,Incursus,2456
30000156,dark102042 Arzi,Coercer,2915
30000156,Colonel Auralia,Rifter,2152
30000156,Martha Gomerz,Condor,1055
30000156,Lockheed19,Kestrel,1723
30000169,AdiPromillo,Cyclone,23555
30000156,Clone 163526,Slasher,1109
30000142,Gary Awkwardson,Incursus,1587
30000169,ToXicPaIN,Cyclone,26222
30000156,Metal Jack,Merlin,3246
30000163,Jack of Hearts,Magnate,987
30000142,Shar Chang,Capsule,458
30000186,Alex Strix,Capsule,441
30000169,0mura Takamori,Cyclone,23695
30000160,Rinjani,Proteus,28722
30000160,Rinjani,Capsule,461
30000162,Yarrr grr,Thrasher,2855
30000157,Dougfunny Aurilen,Corax,3077
30000157,Weizmir,Thrasher,2940
30000157,Goladin,Thorax,5471
30000169,Blackdragon1704,Drake,26533
30000142,Maxine Antilles,Hyperion,213244
30000169,Bi0WoIf,Probe,862
30000180,Duku84,Capsule,435
30000163,Jack of Hearts,Magnate,987
30000142,Shar Chang,Capsule,458
30000186,Alex Strix,Capsule,441
30000169,0mura Takamori,Cyclone,23695
30000160,Rinjani,Proteus,28722
30000160,Rinjani,Capsule,461
30000162,Yarrr grr,Thrasher,2855
30000157,Dougfunny Aurilen,Corax,3077
30000157,Weizmir,Thrasher,2940
30000157,Goladin,Thorax,5471
30000169,Blackdragon1704,Drake,26533
30000142,Maxine Antilles,Hyperion,213244
30000169,Bi0WoIf,Probe,862
30000180,Duku84,Capsule,435
30000154,Colin Alfrir,Rifter,2192
30000180,Duku84,Tengu,10779
30000156,Winston Beldrulf,Slasher,1007
30000156,ZacK Dust,Bellicose,7627
30000156,TREMENDOJ,Condor,1627
30000156,Void Touch,Rifter,2680
30000142,Cquj ThePredator,Capsule,450
30000156,Giao Stasarik,Thrasher,4561
30000156,Winston Beldrulf,Slasher,1071
30000156,maximus teipsum,Caracal,8496
30000204,PoisonDwarf,Navitas,980
30000156,jallin,Slasher,2373
30000156,Lenell,Algos,4929
30000156,DanBoucher,Caracal,20790
30000204,Xander Starwind,Covetor,6444
30000169,Pyroman1202,Heron,930
30000169,Bi0WoIf,Probe,862
30000142,Catalytic morphisis,Raven,81695
30000157,Dougfunny Aurilen,Cormorant,2821
30000142,Blood Siphon,Gila,12250
30000179,,Corporate Hangar Array,57516
30000156,Totilas,Slasher,1355
30000179,,Mobile Laboratory,21944
30000139,Khez Iqbal,Velator,550
30000156,Martha Gomerz,Merlin,3168
30000156,Void Touch,Rifter,2676
30000156,NOmak107,Rapier,9301
30000156,Lenell,Tristan,2932
30000179,,Component Assembly Array,56610
30000145,red GB,Rifter,1537
30000156,jallin,Slasher,2096
30000186,Pandora Rollard,Nereus,5178
30000186,Pandora Rollard,Capsule,428
30000156,Cosmo Blink,Malediction,2343
30000179,,Advanced Mobile Laboratory,18794
30000179,,Mobile Laboratory,19535
30000186,Tombstone Carver,Slasher,2325
30000163,Charon von Thiesant,Epithal,2531
30000179,,Mobile Laboratory,19024
30000186,Nikole Lazond,Impairor,649
30000186,John Kowalskyx,Capsule,421
30000142,Catalytic morphisis,Tormentor,2959
30000179,,Corporate Hangar Array,56690
30000158,Venrir Valyarius,Drake,36517
30000182,Aeonth,Mobile Tractor Unit,48572
30000186,Robin Gnida,Reaper,585
30000169,Chap Raholan,Corax,4184
30000156,NOmak107,Stabber,10518
30000186,Lea Hawkins,Manticore,1342
30000186,Lea Hawkins,Capsule,439
30000156,DanBoucher,Crow,2804
30000182,Slay Stallone,Executioner,1283
30000163,cubiform,Occator,9733
30000139,Wolfram Ulv,Capsule,458
30000186,Gabriel Orti,Crusader,1890
30000131,Van Doe,Condor,945
30000169,Shtopor 1987,Manticore,1566
30000186,Roma Freem,Capsule,428
30000169,sergeyZZ,Manticore,1603
30000169,Nikole Lazond,Purifier,1158
30000169,Lettex A,Hound,2124
30000144,Zordo,Crane,4868
30000158,Venrir Valyarius,Mobile Tractor Unit,49663
30000156,Legedric Striker,Kestrel,1496
30000156,Red SmashMOUTH,Kestrel,2038
30000156,Buldozer Hakaari,Miasmos,1983
30000169,Robin Gnida,Gnosis,35632
30000157,Amelia Taron,Thrasher,3257
30000157,The Aprentice,Atron,1769
30000131,Legedric Striker,Kestrel,8218
30000169,Tiky Mikk,Drake,48635
30000169,GhostMoon,Rapier,11582
30000169,canio zarj,Manticore,1239
30000169,IGEXI,Gnosis,37413
30000186,pinkiaiiiLT pinky,Capsule,420
30000169,Tiky Mikk,Tornado,11272
30000186,pinkiaiiiLT pinky,Catalyst,4304
30000142,Detterence Onzo,Tayra,2826
30000148,Phelia Star,Capsule,476
30000142,doc know,Capsule,461
30000164,Zerg Lurker Okanata,Heron,871
30000148,Phelia Star,Stabber,12423
30000142,doc know,Maller,26056
30000153,Oromgo,Tayra,1964
30000142,Ael Dae,Capsule,453
30000186,Ed Shiu,Capsule,397
30000186,Ed Shiu,Talwar,2670
30000157,Sergey Ackerman,Thrasher,3029
30000142,Neltharak Idrissil,Capsule,457
30000142,Neltharak Idrissil,Reaper,585
30000200,Wurby Hadah,Deimos,7264
30000163,jox Otomeya,Iteron Mark V,1614
30000154,Khez Iqbal,Merlin,3148
30000186,Blue Curse,Myrmidon,17872
30000186,Blue Curse,Capsule,439
30000142,Megazord Taranogas,Iteron Mark V,2679
30000163,FolkoAlt1,Probe,903
30000142,xBlueLightx,Kestrel,3310
30000142,Catalytic morphisis,Taranis,1725
30000154,dark102042 Arzi,Breacher,2343
30000154,Clone 163526,Slasher,1097
30000163,Tobias Egivand,Reaper,550
30000154,Jason McCollins,Punisher,3797
30000163,Archie Luggins,Velator,687
30000197,fang ed,Ibis,465
30000142,Druscilla Pelt,Capsule,456
30000142,Druscilla Pelt,Executioner,1305
30000186,Roma Freem,Capsule,427
30000186,Roma Freem,Caracal,7629
30000186,Arqer,Rattlesnake,42149
30000154,Jason McCollins,Tormentor,2523
30000186,Rush Elite,Capsule,446
30000186,Rush Elite,Manticore,1142
30000180,Lord Voleslo,Procurer,29564
30000186,Harshemish Shamshir,Vengeance,3566
30000142,Glory Schneider,Capsule,391
30000186,Tombstone Carver,Slasher,2284
30000196,MaTeN DomokL,Reaper,518
30000142,Andrei Ikkala,Capsule,439
30000182,Chetyre Harosh,Mobile Tractor Unit,50279
30000142,Andrei Ikkala,Capsule,439
30000142,Andrei Ikkala,Navitas,2281
30000169,Sofalus Anna,Heron,820
30000142,Mackedonskiy,Capsule,461
30000142,Mackedonskiy,Tornado,6499
30000186,Yan Shadrihin,Capsule,450
30000186,Yan Shadrihin,Caracal,12042
30000142,Lucian Leroux,Capsule,445
30000186,Puccia Freir,Probe,2125
30000156,Avhran Illat,Slasher,1430
30000169,Malcavian Zein,Bustard,12513
30000186,Tai Irbiss,Capsule,461
30000186,Tai Irbiss,Buzzard,1370
30000156,Red SmashMOUTH,Incursus,4199
30000142,Jugger Belvar,Capsule,458
30000186,Fesan Gelfin,Caracal,8896
30000156,Drowden Blacklyche,Capsule,436
30000186,Fesan Gelfin,Capsule,423
30000156,kolosok12 Aivo,Epithal,2422
30000186,Garskes,Capsule,409
30000198,Enkiddu Aldurald,Capsule,422
30000186,Oxotnik Xan,Harpy,5342
30000186,Rush Elite,Manticore,1142
30000186,Rush Elite,Capsule,445
30000142,Rija Maupa,Thrasher,2380
30000142,Nornu Khamsi,Capsule,429
30000142,Nornu Khamsi,Venture,641
30000142,TheSennin,Capsule,429
30000142,Redd Olgidar,Astero,2034
30000142,Redd Olgidar,Capsule,436
30000186,Tombstone Carver,Slasher,2382
30000158,Micha Madlor,Mobile Tractor Unit,50191
30000153,Sergey Ackerman,Thrasher,2815
30000186,Jone COX,Capsule,399
30000186,Jone COX,Cormorant,3488
30000162,Hakaaren,Ibis,460
30000142,Jugger Belvar,Atron,2043
30000156,Jormun Kamu,Breacher,3460
30000156,ZacK Dust,Corax,2963
30000156,Void Touch,Rifter,1958
30000142,Nasil Dulgur,Manticore,1065
30000156,Jormun Kamu,Rifter,3086
30000142,Caramis B,Prorator,4513
30000142,Caramis B,Capsule,450
30000194,Tasik78,Heron,910
30000194,Tasik78,Capsule,429
30000182,Aeonth,Mobile Tractor Unit,10922
30000156,magikalcoffee,Condor,1223
30000194,Quaritch Beercase,Arbitrator,4920
30000194,Quaritch Beercase,Capsule,431
30000142,Yan Shadrihin,Hawk,5702
30000142,Allaina Meza,Harbinger,18043
30000186,Fox Altaar,Maller,7894
30000153,Den Thellere,Iteron Mark V,3799
30000153,nanogen,Vexor,9138
30000203,Cladius Julian,Enyo,3451
30000203,Cladius Julian,Capsule,458
30000186,Karabuksna Badasaz,Omen Navy Issue,10194
30000200,jitama Sabezan,Capsule,382
30000200,jitama Sabezan,Impairor,544
30000156,SpleanKrusher,Atron,1801
30000186,Jone COX,Cormorant,8793
30000156,Bald Rikk,Tristan,5715
30000156,magikalcoffee,Vexor,18260
30000156,Nicolas Ulsvale,Merlin,3184
30000156,Paou Compli,Atron,2586
30000142,honoka Saraki,Condor,965
30000142,Omnomnom Nomz,Gallente Shuttle,448
30000156,Nicolas Ulsvale,Atron,2419
30000156,SpleanKrusher,Atron,1792
30000142,Doctor Per,Proteus,56169
30000142,Doctor Per,Capsule,589
30000156,Nicolas Ulsvale,Cormorant,4643
30000142,Lenai Zenork,Capsule,439
30000156,Bald Rikk,Thrasher,2905
30000142,Lenai Zenork,Cormorant,2718
30000153,Huey Wolvesbane,Mammoth,2610
30000186,boroda4 bor,Caracal,9013
30000156,Nicolas Ulsvale,Algos,4385
30000156,magikalcoffee,Thorax,11510
30000142,Hi There 01,Reaper,593
30000172,Kiernan Shipka,Tengu,38595
30000156,Bald Rikk,Talwar,4343
30000142,WoolyFetish,Reaper,584
30000142,xBlueLightx,Breacher,5752
30000153,armed body,Tayra,4891
30000142,Nikita Shakirov,Capsule,405
30000142,Nikita Shakirov,Caracal,5784
30000142,Eto Pan,Ibis,555
30000142,Eto Pan,Capsule,418
30000142,Root Maken,Capsule,444
30000156,Cosmo Blink,Slasher,2549
30000186,Kotcat Wild,Vexor,14563
30000142,Root Maken,Tristan,1737
30000186,boroda4 bor,Caracal,9619
30000186,boroda4 bor,Capsule,408
30000142,I Gera,Incursus,3120
30000156,dark102042 Arzi,Coercer,2907
30000142,Mongaar,Capsule,464
30000142,Mongaar,Amarr Shuttle,579
30000142,Brin Aideron,Capsule,421
30000186,Cosmo Blink,Stabber,8568
30000142,Brin Aideron,Tristan,1915
30000156,Cpt Pugwash,Taranis,1777
30000186,Pavel Makanen,Tengu,19527
30000157,Hadriel Virpio,Atron,1290
30000156,Doom Helm,Slasher,1693
30000156,Hadriel Virpio,Cormorant,4273
30000142,death man killthemall,Capsule,464
30000142,death man killthemall,Incursus,2237
30000156,Rasputin1979,Kestrel,4067
30000186,Duncan Lawless,Capsule,419
30000186,Duncan Lawless,Drake,23295
30000156,Architeuthis Rex,Ares,2855
30000156,Yankunytjatjara,Coercer,3009
30000163,Nakoti Maycko,Velator,508
30000156,Yankunytjatjara,Talwar,4222
30000199,Lucia Tarjin,Capsule,461
30000156,Charlie Nonoke,Atron,1241
30000156,Yankunytjatjara,Coercer,3288
30000142,MrBudgie Smuggler,Capsule,384
30000186,Carlita Desposito,Federation Navy Comet,5380
30000156,Yankunytjatjara,Corax,3134
30000153,Viktor Balthasar,Mackinaw,10896
30000156,Darren Panala,Condor,977
30000186,Carlita Desposito,Stabber,8962
30000156,Darren Panala,Condor,1533
30000156,Alexey Ra,Mackinaw,9183
30000163,Onuris I,Manticore,1210
30000145,KANE 666,Kestrel,3934
30000142,Ivanrus,Enyo,4395
30000153,Syrinx Romulus,Mackinaw,9830
30000153,Syrinx Romulus,Capsule,449
30000200,jitama Sabezan,Capsule,384
30000142,David Malach,Tornado,7659
30000200,jitama Sabezan,Impairor,545
30000156,Doom Helm,Slasher,2498
30000185,hawet proferty,Drake,17093
30000156,Architeuthis Rex,Tristan,4502
30000142,Akkurate Arnoux,Capsule,458
30000156,Bacon Pizza,Atron,1499
30000169,Coash Warlon,Capsule,461
30000142,Akkurate Arnoux,Imicus,1080
30000163,reaper2479,Viator,5511
30000169,Coash Warlon,Gnosis,17603
30000157,Architeuthis Rex,Tristan,2200
30000160,Aleksei Shustov,Capsule,384
30000160,Aleks Shustov,Mackinaw,8643
30000160,Aleksei Shustov,Retriever,6203
30000160,Aleks Shustov,Capsule,407
30000142,Nemleon,Incursus,4086
30000142,Ralamina,Capsule,580
30000142,Thoren Terensis,Capsule,447
30000142,Thoren Terensis,Talwar,2682
30000156,Kirk Ernaga,Corax,3436
30000162,dropersi,Slasher,981
30000156,Van Doe,Corax,4363
30000156,Indis Inzilbeth,Merlin,1981
30000153,anseraks,Badger,7229
30000186,Freespeaker,Vexor,12180
30000156,Hormone1971,Cormorant,3033
30000156,SpleanKrusher,Atron,2311
30000142,Tank McCoy,Manticore,1114
30000142,Tank McCoy,Capsule,461
30000156,Yankunytjatjara,Atron,1336
30000156,Michael Buble,Brutix,15305
30000156,Yankunytjatjara,Atron,1319
30000142,Nikolachka Karpuhin,Caracal,5779
30000186,IceLoli Berns,Vexor,11002
30000186,Crusader Colossus,Stabber,5309
30000186,Talir Reegar,Coercer,6660
30000156,SpleanKrusher,Merlin,6527
30000156,Colman Dietmar,Thorax,8283
30000156,Yankunytjatjara,Omen,9556
30000156,Syclone Tracy,Moa,15362
30000157,Chap Uitoh,Moa,9622
30000156,PLeonast,Algos,7993
30000204,Kizuna Encounter,Magnate,883
30000162,Rossa Horror,Ibis,522
30000142,Cortana Holo,Gnosis,20067
30000156,Van Doe,Condor,960
30000186,Simo Ojibwa,Capsule,412
30000156,Yankunytjatjara,Slasher,2451
30000186,Simo Ojibwa,Ibis,562
30000156,Hormone1971,Caldari Navy Hookbill,2369
30000186,Simo Ojibwa,Capsule,413
30000163,lnchiette,Imicus,908
30000156,Architeuthis Rex,Tristan,2775
30000186,Simo Ojibwa,Ibis,562
30000186,Simo Ojibwa,Ibis,561
30000186,Simo Ojibwa,Capsule,413
30000186,Simo Ojibwa,Ibis,563
30000186,Simo Ojibwa,Capsule,413
30000186,Simo Ojibwa,Capsule,415
30000156,Colman Dietmar,Atron,1156
30000163,alex tuinier,Capsule,413
30000186,Simo Ojibwa,Ibis,671
30000163,lowrawhiti rawhiti,Capsule,414
30000163,lowrawhiti rawhiti,Harbinger,21496
30000163,alex tuinier,Arbitrator,7146
30000157,PLeonast,Thorax,14539
30000157,me0de,Brutix,23005
30000157,Syclone Tracy,Moa,15632
30000157,Edible Douche,Wolf,2583
30000157,Flailing Junk,Moa,26982
30000157,AceO Heart,Thorax,11003
30000169,Hailey Elisabeth,Vexor,6852
30000157,Taguchi Hiroko,Brutix,20492
30000157,Colman Dietmar,Maller,23823
30000157,Firey Jack,Vexor,20130
30000157,PLeonast,Algos,5122
30000157,Van Doe,Condor,1008
30000157,evilphoenix,Maulus,1613
30000157,Architeuthis Rex,Tristan,3746
30000157,EnyoEnyoEnyoEnyoEnyoEnyo EnyoEnyoEnyo,Incursus,2491
30000157,Van Doe,Condor,1086
30000157,Colman Dietmar,Atron,1223
30000142,General Peanut,Reaper,585
30000157,Chap Uitoh,Algos,3282
30000157,Sentis Nalelmir,Incursus,1859
30000142,xBlueLightx,Catalyst,3084
30000186,Cloud Cool,Catalyst,2666
30000186,Cloud Cool,Capsule,402
30000142,Atmora Green,Thrasher,2682
30000142,Atmora Green,Capsule,432
30000186,Simo Ojibwa,Capsule,414
30000156,Synical Isu,Kestrel,2031
30000156,roblack Dunedain,Mobile Tractor Unit,47968
30000186,Simo Ojibwa,Ibis,559
30000157,Chap Uitoh,Brutix,18279
30030141,Johan Force,Capsule,413
30000144,Atmora Green,Amarr Shuttle,469
30030141,Johan Force,Corax,2749
30000157,Hormone1971,Tristan,2404
30000157,Dexter Philips,Rifter,1385
30000157,PLeonast,Incursus,4954
30000157,Chap Uitoh,Kestrel,1583
30000142,Miles Aeternus,Ishkur,2849
30000157,Dexter Philips,Thrasher,2743
30000142,quickmen,Capsule,461
30000142,quickmen,Algos,5577
30000200,licao Igunen,Venture,690
30000142,Lightway,Capsule,450
30000142,pavlo shtirlitz,Capsule,413
30000142,pavlo shtirlitz,Reaper,530
30000186,Simo Ojibwa,Capsule,413
30000186,Simo Ojibwa,Merlin,1395
30000142,quickmen,Merlin,5991
30030141,ringusworm,Merlin,3570
30030141,ringusworm,Capsule,474
30000157,Chap Uitoh,Rifter,2214
30000142,Kyle Slapflap,Capsule,391
30000142,SwagginAllDay 420,Kestrel,1378
30000163,Viceroy Styx,Capsule,399
30000142,Zelot Blueice,Mammoth,2763
30000142,quickmen,Capsule,461
30000142,quickmen,Caldari Navy Hookbill,2346
30000142,AlexThunder,Rifter,2222
30000162,Suiop Ormand,Merlin,1312
30000163,Viceroy Styx,Impairor,510
30000142,repetiton,Capsule,458
30000195,Sir Otzelot,Capsule,391
30000195,Sir Otzelot,Ibis,481
30000144,Graham Aurilen,Mobile Tractor Unit,50897
30000142,Rhiannon Pendragon,Velator,616
30000157,Zaraki Prime,Thrasher,2851
30000142,Zelot Blueice,Taranis,1730
30000156,ArcLos Xyn,Incursus,3041
30000162,Miss One,Capsule,384
30000162,Miss One,Reaper,490
30000194,Dr Maker,Obelisk,182085
30000131,Pumukel Lebowski,Capsule,405
30000131,Pumukel Lebowski,Cormorant,5065
30000163,BubblesMan,Orca,59882
30000169,Maglin,Drake,27339
30000156,GARRI STRAUSINO,Drake Navy Issue,23478
30000156,GARRI STRAUSINO,Capsule,421
30000142,doc know,Capsule,461
30000142,doc know,Gnosis,38410
30000195,Actaxirius,Tayra,2490
30000156,ArcLos Xyn,Atron,1689
30000156,ArcLos Xyn,Incursus,2801
30000156,DanBoucher,Crow,1739
30000156,evilphoenix,Maulus,1206
30000156,me0de,Wolf,2685
30000156,Taguchi Hiroko,Atron,1916
30000156,RollinDutchMasters,Slasher,1719
30030141,Dwart Virpio,Capsule,384
30000163,Nefelim Trader,Heron,824
30030141,Dwart Virpio,Ibis,552
30000163,Innamoyr,Ibis,517
30000142,GHOST SLAVER,Rifter,2020
30000156,Nathan Powers,Reaper,497
30000156,Nathan Powers,Capsule,392
30000156,RollinDutchMasters,Slasher,1666
30000154,ArcLos Xyn,Incursus,2120
30000156,lord kershane,Talwar,3525
30000156,ArcLos Xyn,Merlin,3480
30000156,ArcLos Xyn,Incursus,2754
30000142,Ostris Greshan,Capsule,409
30000142,Ostris Greshan,Retriever,6643
30000156,Vogels,Enyo,2703
30000142,Hi There 01,Amarr Shuttle,557
30000156,Dexter Philips,Atron,1272
30000156,ArcLos Xyn,Rifter,2117
30000156,SpleanKrusher,Thrasher,3985
30000156,NaToth Sjet,Thrasher,2627
30000142,wang jiang,Ibis,625
30000169,BoLTUsHkA,Tengu,9510
30000144,DreamRipperOs,Gnosis,28175
30000162,Dido Alfa,Ibis,531
30000156,ArcLos Xyn,Atron,1340
30000142,Hi There 01,Amarr Shuttle,557
30000156,Leandros Aideron,Maulus,1193
30000142,Hi There 01,Thrasher,2705
30000169,SPACEINVADER NZ,Bestower,2378
30000156,ArcLos Xyn,Atron,2503
30000194,Jack Snipe,Executioner,2052
30000127,Ty Kichard,Velator,584
30000156,ArcLos Xyn,Rifter,2122
30000156,DanBoucher,Slasher,1919
30000156,C11H17NO3,Stabber,12097
30000142,A Goonswarm Recruiter,Capsule,384
30000169,Balactus,Viator,4597
30000144,John Bloodryder,Capsule,410
30000156,Xezox,Drake,31308
30000156,Gabriel Asher,Algos,4927
30000156,Colman Dietmar,Atron,1347
30000156,Half Cocked,Condor,961
30000156,Kanabe Kaisan,Slasher,3503
30000156,Leandros Aideron,Incursus,1523
30000156,DanBoucher,Slasher,1040
30000156,Lavender Dancer,Slasher,5229
30000156,evilphoenix,Kestrel,2166
30000156,Taguchi Hiroko,Atron,2229
30000156,Lord Malic,Tristan,3274
30000156,Half Cocked,Condor,957
30000123,Pisa Toralen,Retriever,6981
30000123,Pisa Toralen,Capsule,424
30000156,DanBoucher,Cormorant,3365
30000156,Leandros Aideron,Velator,618
30000156,Half Cocked,Talwar,2988
30000156,Michael Buble,Punisher,3310
30000156,Private Cluck,Rifter,1494
30000156,Kanabe Kaisan,Tristan,3438
30000169,Rioni Kritiko,Cormorant,3287
30000142,Jerri Kors,Amarr Shuttle,524
30000142,Adderly219,Capsule,435
30000155,oden morel,Mobile Depot,11744
30000142,Adderly219,Ferox,30088
30000169,flesh sb1,Ibis,500
30000155,Dingus Dingtaro,Mobile Depot,12539
30000156,Martel Toralen,Kestrel,1556
30000142,Devis Terrona,Capsule,384
30000156,Haeriphos,Condor,1225
30000142,Devis Terrona,Ibis,517
30000156,Vanth Sorath,Tormentor,1467
30000142,Xander Kalkoken,Buzzard,1335
30000156,Martel Toralen,Merlin,1572
30030141,shockstar48,Capsule,448
30030141,shockstar48,Venture,868
30000169,Akuma Tsukai,Arbitrator,7119
30000157,Gearbox X,Merlin,2853
30000142,Devis Terrona,Ibis,517
30000156,QUANTUM2012,Caracal,10459
30000156,Pteradactyle,Hawk,2839
30000156,DaNeenjah,Breacher,3743
30000156,nut custard,Omen,5280
30000156,Martel Toralen,Caracal,10002
30000156,Haeriphos,Condor,1070
30000192,tsunadellia,Capsule,414
30000142,Troy Maxwellus,Capsule,416
30000142,BataiV Bolges,Atron,2238
30000142,Troy Maxwellus,Corax,2616
30000142,pvp pve,Caracal Navy Issue,10864
30000145,Tau Paul Aihaken,Ibis,190
30000156,Haeriphos,Condor,1066
30000142,General Kalkoken,Capsule,394
30000145,Alexis Nightwish,Tornado,7328
30000145,Tarlence,Ibis,723
30000145,Tarlence,Capsule,461
30000142,General Kalkoken,Thrasher,2460
30000192,tsunadellia,Heron,850
30000156,Foghsho Osodrac,Rifter,1889
30000142,Hi There 01,Thrasher,2702
30000154,Colin Alfrir,Rifter,1290
30000142,Anterphus Aivo,Megathron,63396
30000156,Frank Bean,Algos,3324
30000154,Angelo427,Punisher,3246
30000156,Martel Toralen,Kestrel,2995
30000144,Luft Reich,Legion,27809
30000157,Theodore Robert Cowell,Enyo,4701
30000142,pvp pve,Capsule,412
30000142,pvp pve,Thrasher,2703
30000142,Anterphus Aivo,Deimos,7256
30000154,SpleanKrusher,Rifter,2597
30000154,Matthias Duran,Hawk,4645
30000154,Foghsho Osodrac,Rifter,1922
30000144,Magistra Bellum,Capsule,406
30000156,Vanth Sorath,Executioner,1934
30000156,Foghsho Osodrac,Rifter,1909
30000156,Xezox,Caracal,11596
30000144,Magistra Bellum,Ibis,544
30000156,Wolf 10,Wolf,2476
30000156,Lynn Noel,Kestrel,2926
30000156,7th Seth,Caracal,19259
30000156,BoobieTassles,Stabber,10713
30000156,Vasecho,Thrasher,3632
30000156,Pteradactyle,Kestrel,3988
30000156,Angelo427,Harbinger,26613
30000142,Andi Nielsen,Capsule,421
30000156,7th Seth,Slasher,1993
30000142,Andi Nielsen,Atron,1059
30000156,Martel Toralen,Merlin,1452
30000181,Esther Erata,Mobile Tractor Unit,47998
30000142,Crestavod,Capsule,435
30000156,BoobieTassles,Stabber,14637
30000156,Xantcha Valor,Condor,4702
30000156,Por Phyry,Maller,17331
30000194,Cheshirr Cat,Sukuuvestaa Heron,902
30000156,Mara Dhurden,Rupture,9235
30000156,Vasecho,Vexor,17994
30000142,Alura Tsukaya,Tayra,3082
30000142,Gerta Soul,Drake Navy Issue,29867
30000142,Gerta Soul,Capsule,422
30000156,DanBoucher,Prophecy,36520
30000142,Cruc Efix,Capsule,427
30000142,Tycho VI,Capsule,445
30000156,Angelo427,Harbinger,28837
30000142,Tycho VI,Ares,1227
30000142,Nayl Arryn,Merlin,1658
30000142,Nayl Arryn,Capsule,439
30000145,Agent Grzzly,Capsule,400
30000180,Royyu Hanoma,Heron,850
30000156,Nayuri Atreides,Caracal,12424
30000142,JP Mane,Badger,4887
30000156,Defiant Hillman,Capsule,429
30000142,Bakla Firoz,Velator,692
30000181,jamesrgreen,Mobile Tractor Unit,26300
30000142,Pavel Morozv,Capsule,450
30000142,Pavel Morozv,Caldari Shuttle,536
30000142,Dread Jorvik,Executioner,1260
30000142,Dread Jorvik,Capsule,458
30000142,Nemtrac 420Confirmed,Capsule,414
30000156,Lady Ayeipsia,Vexor,17521
30000156,Wolf 10,Crow,3019
30000163,Selenna Gengod,Reaper,539
30000142,drunktexan,Osprey Navy Issue,8171
30000142,drunktexan,Capsule,402
30000163,PriceCheckOnAisleJita,Kestrel,1362
30000142,oShurinberGo,Retribution,4859
30000142,oShurinberGo,Capsule,454
30000142,Kaneda Hiroshi,Cormorant,3096
30000157,SpleanKrusher,Thrasher,2907
30000145,Dicker Andrard,Capsule,452
30000145,Dicker Andrard,Iteron Mark V,1489
30000163,Flint126,Reaper,506
30000142,Armand Babinoix,Atron,1200
30000142,Nick Ohu,Catalyst,3225
30000156,Amberlee Rin,Catalyst,3349
30000194,Silver Toy,Impairor,613
30000194,Hobo Witha Shottgun,Velator,576
30000142,Nick Ohu,Enyo,3249
30000144,Jaguar Meza,Capsule,384
30000154,SpleanKrusher,Heron,2071
30000144,Jaguar Meza,Executioner,1085
30000157,Angelo427,Punisher,3226
30000204,Naliah Akiga,Capsule,412
30000204,Naliah Akiga,Heron,885
30000157,Col B,Executioner,1284
30000159,Jeremiah Thellere,Slasher,2184
30000159,Nathaniel Nashorn,Slasher,1847
30000156,Athea Marr,Retribution,3017
30000156,Xundre Kai,Talwar,2743
30000169,psy Uchonela,Drake,18954
30000169,psy Uchonela,Capsule,410
30000156,7th Seth,Slasher,2270
30000142,Omnomnom Nomz,Capsule,391
30000156,Mara Dhurden,Merlin,3217
30000142,ojfreelancer,Capsule,453
30000142,ojfreelancer,Buzzard,1326
30000159,Nathaniel Nashorn,Slasher,1847
30000154,Amberlee Rin,Merlin,2635
30000154,Iredude,Merlin,3377
30000154,Lady Ayeipsia,Corax,3269
30000142,Cal Bauer,Capsule,410
30000159,Jeremiah Thellere,Slasher,2313
30000154,Mara Dhurden,Caracal,10513
30000164,Darth Syntherus,Capsule,407
30000142,Nemtrac 420Confirmed,Capsule,417
30000142,Cal Bauer,Ibis,548
30000154,Reek Stark,Incursus,3425
30000154,Chester Petirov,Vexor,11930
30000142,Armand Babinoix,Atron,1275
30000164,Dianna Reed,Coercer,4348
30000164,Darth Syntherus,Thrasher,2580
30000157,Lord Malic,Tormentor,2057
30000142,Aartroxis,Merlin,1658
30000142,Acid Katelo,Heron,970
30000142,Aartroxis,Capsule,422
30000159,Jegg Shi,Slasher,2209
30000156,Blazing Asian Rotsuda,Corax,3099
30000154,Wally Ormand,Condor,2166
30000142,TheSennin,Capsule,428
30000142,TheSennin,Amarr Shuttle,510
30000142,CT Legacyy,Capsule,421
30000142,obgyn kANOBI,Capsule - Genolution Auroral 197-variant,461
30000156,Blazing Asian Rotsuda,Catalyst,2890
30000142,CT Legacyy,Impairor,597
30000142,DaPaulerBear,Capsule,451
30000142,Omnomnom Nomz,Gallente Shuttle,448
30000163,TheThufir,Merlin,6083
30000142,Adapt Virpio,Capsule,421
30000142,Adapt Virpio,Cormorant,2541
30000139,Orpha Renn,Capsule,431
30000142,TheSennin,Amarr Shuttle,510
30000153,AnalniySamostrel Bolt,Retriever,6488
30000153,AnalniySamostrel Bolt,Capsule,391
30000162,Pat Horstich,Heron,1227
30000142,Randejo,Velator,694
30000186,Bief Gallifrey,Mobile Tractor Unit,45555
30000156,Sentis Nalelmir,Merlin,3091
30000155,Asturias Tawate,Raven Navy Issue,151474
30000186,Bief Gallifrey,Dominix,32986
30000186,Bief Gallifrey,Capsule,440
30000142,Fayne Winder,Capsule,384
30000131,Csaba Hekki,Ibis,891
30000156,Mara Dhurden,Atron,2350
30000156,Michael Buble,Incursus,2360
30000194,ZeusCommander,Megathron,68085
30000156,Sentis Nalelmir,Rifter,2472
30000194,Nelly Uanos,Phantasm,24045
30000198,Kelly OConnor,Purifier,1260
30000142,Bloodrock Firestone,Capsule,413
30000142,Zelot Blueice,Capsule,461
30030141,Klino Archangel,Cormorant,3353
30000156,Frank Bean,Atron,2195
30000142,Bloodrock Firestone,Ibis,558
30000142,Fayne Winder,Ibis,681
30000156,VerdithTanath,Anshar,310540
30000131,Axel Thorn Ahashion,Impairor,915
30000156,Bacon Pizza,Atron,2478
30000142,DaPaulerBear,Capsule,451
30000142,Zelot Blueice,Orca,57280
30000156,Moba Ge,Ibis,625
30000156,Carmeth Andari,Velator,680
30000156,Praelar Maanz,Reaper,595
30000156,Tyrek Marlinsano,Reaper,585
30000142,Troll Mage Hellcaster,Venture,322
30000131,Csaba Hekki,Ibis,850
30000142,Blue101,Caldari Shuttle,656
30000142,Bloodrock Firestone,Capsule,413
30000154,Michael Buble,Incursus,2445
30000154,Sentis Nalelmir,Incursus,1845
30000142,Bloodrock Firestone,Ibis,558
30000154,Silent Swiftshot,Tristan,3097
30000155,Asturias Tawate,Mobile Tractor Unit,49552
30000142,Weigh Laney,Capsule,439
30000142,Weigh Laney,Ibis,592
30000142,Kraisee,Capsule,384
30000142,Kraisee,Velator,572
30000153,Korvyr Vorthrel,Retriever,6615
30000186,Braedon Murtagh,Covetor,5213
30000156,Sheppard Erehwon,Capsule,469
30000156,Sheppard Erehwon,Hurricane,14397
30000154,Silent Swiftshot,Incursus,2910
30000182,KyKyCiK,Mobile Tractor Unit,46981
30000142,Alexander Kaan,Heron,768
30000154,Silent Swiftshot,Atron,1279
30000154,Fumf,Rifter,3702
30000186,Milkaya Aknofe,Omen Navy Issue,9205
30000153,Dj BigBelow,Velator,635
30000145,Dj BigBelow,Capsule,429
30000142,Devis Terrona,Capsule,384
30000145,Dj BigBelow,Velator,639
30000142,Devis Terrona,Ibis,517
30000182,Diren Saat,Mobile Tractor Unit,44202
30000127,,Customs Office,4495671
30000153,Delucian,Republic Fleet Firetail,3924
30000127,,Customs Office,4047084
30000142,Alura Tsukaya,Capsule,414
30000142,William Westmere,Capsule,461
30000162,WSSDADAQWD,Magnate,910
30000154,Delucian,Condor,3274
30000142,Alura Tsukaya,Gallente Shuttle,477
30000142,Toph Ghasha,Taranis,1683
30000162,WSSDADAQWD,Impairor,565
30000156,Void Touch,Rifter,2498
30000156,Ghenghes Khan,Punisher,3054
30000156,Vasecho,Condor,2797
30000156,DanBoucher,Slasher,1057
30000156,Jack 73hRipper,Thorax,19493
30000156,jallin,Slasher,1157
30000156,Calico Jack Rose,Stabber,8033
30000156,jesta9987,Vexor,7362
30000182,Melickor,Mobile Tractor Unit,48655
30000162,Sevensin Koraka,Ibis,523
30000154,Silent Swiftshot,Atron,1276
30000142,Alura Tsukaya,Capsule,414
30000142,Jack 73hRipper,Gallente Shuttle,545
30000142,Bloodrock Firestone,Capsule,413
30000142,Alura Tsukaya,Gallente Shuttle,477
30000142,Bloodrock Firestone,Ibis,558
30000142,Zayne Gibbons,Capsule,450
30000142,Zayne Gibbons,Incursus,1644
30000163,Den Kravatsky,Merlin,4505
30000156,Vasecho,Condor,2376
30000162,ShadeStarr,Velator,578
30000198,Sonea Sarain,Reaper,393
30000142,mac groshomard,Capsule,485
30000142,mac groshomard,Thrasher,2908
30000142,IRONxSinnerMan,Harpy,3964
30000157,Maximus Rebonican,Retriever,7428
30000142,Povar RUS,Capsule,458
30000142,Povar RUS,Sentinel,1182
30000162,Tuisuta Rion,Velator,607
30000142,Hula Hita,Manticore,1024
30000156,Oh Hyerin,Ibis,598
30000156,Parumph,Incursus,1692
30000156,Ravshan Biber,Capsule,384
30000156,mahadin,Malediction,2244
30000156,Jack 73hRipper,Algos,5307
30000142,Fadetowhite,Slasher,982
30000156,Ravshan Biber,Heron,819
30000142,JOHN TOLLIN,Punisher,4432
30000142,JOHN TOLLIN,Capsule,440
30000144,Kaydyns,Cerberus,10318
30000145,Keef Purelove,Stabber,11167
30000142,Stan Tiberious,Condor,1233
30000151,Matthew EstmaireJr,Noctis,8361
30000156,Tem Frey,Rupture,8777
30000142,Thomas Totstahle,Capsule,442
30000139,vlad762 Ohmiras,Capsule,445
30000163,Arcuied,Ibis,625
30000156,EC DRUMSMKI,Slasher,1104
30000156,Dr Bob Madeveda,Slasher,3616
30000142,Seren Tivianne,Atron,1191
30000181,joey4567,Mobile Tractor Unit,50205
30000142,spaceghost69,Capsule,461
30000162,Tuisuta Rion,Velator,607
30000156,Angelo427,Punisher,2874
30000156,Ghenghes Khan,Punisher,3054
30000156,Tem Frey,Slasher,1133
30000156,jallin,Slasher,2077
30000181,fallen nightmare,Mobile Tractor Unit,50109
30000144,Zuper,Golem,65782
30030141,Rid Onniro,Bantam,1372
30030141,Rid Onniro,Capsule,394
30000156,Van Doe,Condor,1329
30000164,Alizee Reno,Vexor Navy Issue,10683
30000144,Pa Rin,Capsule,387
30000156,lolkol Hekki,Merlin,3204
30000144,Pa Rin,Ibis,528
30000181,joey4567,Kronos,48408
30000142,Janet Bobo,Atron,1110
30000162,Nokomis Voidrunner,Rifter,1290
30000142,Shnuzey,Capsule,418
30000156,SlugNuts,Stiletto,2751
30000182,Lucient Rin,Mobile Tractor Unit,42409
30000142,Shnuzey,Vexor Navy Issue,8656
30000162,Wufai,Capsule,454
30000142,GoAway NoObs,Vindicator,46824
30000142,WaPNico,Thrasher,2638
30000162,Wufai,Velator,672
30000127,,Customs Office,4471367
30000156,Jason McCollins,Tormentor,2046
30000156,Roy Flynn,Rupture,10693
30000156,SlugNuts,Talwar,3243
30000156,Tem Frey,Slasher,1661
30000157,Ray McLaren,Slasher,1358
30000156,Angelo427,Rifter,1558
30000156,Kreature Erata,Kestrel,1960
30000157,Darth Killus,Crucifier,1209
30000157,Sontir Fel,Thrasher,2868
30000162,Bard0ck,Capsule,461
30000142,Omega Bujin,Capsule,420
30000162,Bard0ck,Leopard,557
30000144,Alice Kitsune,Capsule,413
30000142,Omega Bujin,Vexor,7611
30000157,Siberski,Imicus,1112
30000128,TheBestGoku,Capsule,410
30000144,Alice Kitsune,Impairor,587
30000143,Teal Hooligan,Crusader,2190
30000144,William Dotrieve,Buzzard,1392
30000144,William Dotrieve,Capsule,442
30000128,TheBestGoku,Venture,658
30000157,Dark Adoudel,Thorax,13440
30000154,Martha Gomerz,Merlin,3790
30000144,Mei mei Han,Capsule,384
30000154,Jita Knight Tsasa,Punisher,3457
30000162,Kurri Kara,Nereus,4887
30000144,Mei mei Han,Velator,573
30000144,J Zayroth,Coercer,2646
30000162,Darwin Archimede,Heron,880
30000144,Rhegius Yvonres,Capsule,432
30000144,Rhegius Yvonres,Ibis,581
30000180,Tormented 1,Raven,36980
30000180,Tormented 1,Capsule,453
30000153,Vanth Sorath,Punisher,3177
30000192,Orosono,Ibis,572
30000144,Colin Mond,Capsule,394
30000142,Tibe queen,Tristan,2939
30000144,Trainer Aer,Capsule,427
30000144,Colin Mond,Venture,640
30000142,Kostello 56RU,Kestrel,3034
30000154,Winston Beldrulf,Rifter,1337
30000144,Trainer Aer,Caldari Shuttle,524
30000154,Timm3h,Crucifier,1146
30000144,Jaguar Meza,Capsule,383
30000162,Bruce Spunner,Magnate,1051
30000154,Inc Ikkala,Condor,956
30000154,TREMENDOJ,Condor,1090
30000154,Wally Ormand,Crucifier,1267
30000154,Drax Anele,Maulus,1134
30000154,Ilian Pollard,Atron,1377
30000154,Alamuerta,Rupture,10479
30000154,Rando Ary,Rifter,2391
30000154,DanBoucher,Vigil,2128
30000154,Reshi Bloodless,Atron,1161
30000154,Ghenghes Khan,Punisher,3129
30000144,Jaguar Meza,Executioner,1085
30000154,Brullig,Thrasher,3054
30000154,Skooney,Lachesis,3361
30000154,Kimball Thoringen,Tristan,4029
30000142,Angel0fParadise,Crow,1195
30000142,Angel0fParadise,Capsule,447
30000144,Dyno Hakori,Capsule,416
30000142,MissingYew Hakaari,Venture,658
30000196,Meldoro Elipse,Thorax,17227
30000182,KyKyCiK,Mobile Tractor Unit,46365
30000142,Grey24 Uitra,Cormorant,2509
30000156,Frank Bean,Republic Fleet Firetail,3317
30000156,Omegaplex,Ishtar,12396
30000156,lord kershane,Punisher,4853
30000169,Eresofalus,Vagabond,12691
30000169,Eresofalus,Capsule,461
30000142,SupernovaPilot,Merlin,1604
30000142,Targie McRed,Ares,1453
30000142,Targie McRed,Capsule,463
30000156,Angelo427,Harbinger,29714
30000156,Drax Anele,Merlin,2405
30000144,Nonsine Nonzkowitsch,Caldari Shuttle,533
30000156,THEGENER4L4,Tristan,6034
30000156,Winston Beldrulf,Slasher,1012
30000156,Darth Christenous,Hurricane,24447
30000142,Lyna Lethallan,Executioner,1118
30000142,Lyna Lethallan,Capsule,444
30000144,Gerridar,Capsule,454
30000156,Romero Parada,Incursus,2432
30000156,Kreature Erata,Kestrel,1783
30000156,Jita Knight Tsasa,Executioner,1817
30000142,MissingYew Hakaari,Venture,658
30000156,Drax Anele,Incursus,1809
30000156,Inc Ikkala,Ibis,550
30000156,Plaximus jr,Thrasher,2881
30000156,cleo valdar,Merlin,7229
30000144,Gerridar,Ares,1601
30000156,MaxPower 519,Coercer,2900
30000142,pacamaxa Talvane,Gallente Shuttle,478
30000156,Alice Reifin,Kestrel,1861
30000144,M4rz,Capsule,453
30000156,xxlluffa,Rupture,13579
30000156,mahadin,Condor,3517
30000156,Ilian Pollard,Thrasher,3411
30000156,Irka Khamsi,Punisher,2383
30000156,Vanth Sorath,Punisher,3444
30000156,Goladin,Vexor,6824
30000156,irockpreggochics Kahoudi,Rifter,3528
30000156,Kimball Thoringen,Tristan,4050
30000156,Alamuerta,Rupture,11163
30000156,Winston Beldrulf,Slasher,1068
30000156,Dethor Gory,Thrasher,2906
30000142,Bagarai Predador,Capsule,458
30000156,Rise Altol,Tristan,1743
30000156,Inc Ikkala,Condor,1063
30000156,Drax Anele,Incursus,2841
30000156,Angelo427,Punisher,2162
30000144,Stepa Velikan,Ibis,532
30000156,DanBoucher,Merlin,3106
30000156,Silent Swiftshot,Enyo,5111
30000144,Paul869,Capsule,447
30000142,Bagarai Predador,Capsule,458
30000156,Wally Ormand,Condor,1044
30000144,Nirvana Lei,Capsule,399
30000181,Skjald Borg,Capsule,442
30000145,Ysmir,Minmatar Shuttle,545
30000156,Martha Gomerz,Corax,4470
30000181,Skjald Borg,Corax,2941
30000156,Drax Anele,Omen,14283
30000156,Jita Knight Tsasa,Punisher,3731
30000142,Cerv Sedy,Ibis,581
30000142,Cerv Sedy,Capsule,432
30000156,TREMENDOJ,Talwar,3302
30000156,Timm3h,Condor,1064
30000156,Inc Ikkala,Condor,948
30000156,DanBoucher,Vigil,2897
30000156,Brullig,Tristan,2963
30000156,Wally Ormand,Atron,1304
30000156,Dethor Gory,Rifter,2710
30000156,Martha Gomerz,Condor,1941
30000156,Zakhs,Condor,2483
30000156,Krividus Crucil,Cormorant,4750
30000142,Omnomnom Nomz,Capsule,391
30000156,Zohl,Caracal,17600
30000156,Rise Altol,Maller,18475
30000156,Plaximus jr,Catalyst,3333
30000156,lord kershane,Merlin,6348
30000156,Kreature Erata,Caldari Navy Hookbill,3541
30000156,cleo valdar,Merlin,8131
30000156,TREMENDOJ,Drake,25065
30000156,Plaximus jr,Atron,1664
30000156,Jita Knight Tsasa,Executioner,1886
30000156,Drax Anele,Thrasher,3146
30000156,Kimball Thoringen,Tristan,5402
30000156,Rando Ary,Hurricane,33159
30000156,Zakhs,Thrasher,4274
30000156,DanBoucher,Condor,2417
30000156,AndrewBot89,Rifter,1628
30000156,Sugkit,Caracal,11897
30000156,Costodes OldMadLady,Kestrel,5563
30000156,Inc Ikkala,Condor,962
30000156,Brullig,Maulus,1178
30000142,Contessa Kereen,Crow,2218
30000156,Vanth Sorath,Coercer,2867
30000142,Contessa Kereen,Capsule,461
30000156,Karen Avioras,Maulus,1335
30000156,King Zylo,Talwar,3871
30000138,Chronoxi,Crow,3836
30000156,Tara Dian,Punisher,3056
30000156,Ilian Pollard,Incursus,3448
30000156,Jita Knight Tsasa,Punisher,3745
30000156,Alamuerta,Thrasher,3044
30000156,Wally Ormand,Caracal,20766
30000138,The Jackhammer,Wolf,2712
30000157,Vysanra Inkura,Retriever,7943
30000156,DanBoucher,Prophecy,68722
30000156,Rise Altol,Prophecy,29143
30000156,AndrewBot89,Caracal,10611
30000164,Miles Aeternus,Ishtar,7436
30000156,Brullig,Thrasher,4001
30000144,pacamaxa Talvane,Capsule,402
30000142,Minerva Nebula,Rifter,3329
30000156,Van Doe,Condor,1610
30000138,Agrmine,Loki,19474
30000142,BornePassive,Retribution,2737
30000142,BornePassive,Capsule,448
30000142,Dark Adoudel,Kestrel,1673
30000144,pacamaxa Talvane,Ibis,539
30000155,Dag NalTarren,Charon,165950
30000156,Sugkit,Maulus,1110
30000156,credokat,Maulus,1268
30000156,Brullig,Maulus,1170
30000145,mekirite Kautsuo,Capsule,422
30000139,Talon Karrdex,Capsule,458
30000156,Tara Dian,Omen,10883
30000156,Drax Anele,Condor,1003
30000156,Jason McCollins,Executioner,2297
30000138,Sheron White,Amarr Shuttle,446
30000145,mekirite Kautsuo,Rifter,2164
30030141,XclassjokerX TheCones,Merlin,1290
30030141,XclassjokerX TheCones,Capsule,384
30000144,Kain Azizora,Capsule,421
30000196,Lane Oriki,Heron,859
30000156,Jita Knight Tsasa,Tormentor,273
30000144,Kain Azizora,Magnate,964
30000138,zaniszora,Manticore,2228
30000156,Lynn Noel,Kestrel,1900
30000156,Wally Ormand,Corax,2646
30000182,Rel22,Mobile Tractor Unit,40512
30000144,Nina Jordaan,Reaper,546
30000143,ubijalka Toralen,Capsule,429
30000144,Phade Tenkiller,Kestrel,2264
30000143,ubijalka Toralen,Caracal,5849
30000156,Rose Valora,Maulus,2803
30000144,Zuper,Capsule,463
30000156,Half Cocked,Talwar,3165
30000144,Val Zachariah,Crucifier,1183
30000144,Val Zachariah,Capsule,461
30000157,Danone LeYogourt,Capsule,449
30000156,Leandros Aideron,Incursus,1800
30000143,Tanaha,Capsule,407
30000192,the hopper,Reaper,599
30000157,Danone LeYogourt,Retriever,8144
30000143,Tanaha,Corax,2646
30000156,mahadin,Punisher,4625
30000156,irockpreggochics Kahoudi,Rifter,1971
30000142,Aldo Drako,Gallente Shuttle,557
30000144,Errand Belucci,Capsule,447
30000142,Phillio Vynneve,Capsule,416
30000156,C11H17NO3,Tayra,6188
30000138,SviaT Berez,Capsule,413
30000138,SviaT Berez,Ibis,558
30000142,Phillio Vynneve,Velator,623
30000142,Phillio Vynneve,Capsule,416
30000156,Bumpage,Algos,5077
30000156,Rando Ary,Atron,1564
30000156,Half Cocked,Talwar,3089
30000156,Drax Anele,Merlin,3772
30000156,DanBoucher,Slasher,1043
30000169,milly frensic,Enyo,3036
30000144,Zvezda Letov,Caldari Shuttle,546
30000145,Serena Ituis,Ibis,605
30000169,Mattpat139 Sukarala,Stabber,5215
30000139,McSteez,Capsule,454
30000162,Damocles Virpio,Venture,647
30000169,Elsieii,Caracal Navy Issue,14145
30000142,goner Macha,Capsule,431
30000156,Winter S Daimon,Rifter,2302
30000142,goner Macha,Ibis,583
30000144,xara bakara,Rifter,2434
30000145,Anna JZ,Buzzard,1204
30000144,penza58,Capsule,462
30000144,Aaaarrgg,Capsule,450
30000144,Aaaarrgg,Thrasher,2797
30000142,Ozeki Saan,Manticore,1680
30000144,Nina Jordaan,Tristan,1727
30000142,penza58,Manticore,1177
30000142,Stormfyst II,Capsule - Genolution Auroral 197-variant,458
30000144,Jaguar Meza,Capsule,384
30000138,jhon Dot,Capsule,413
30000144,Aaaarrgg,Thrasher,2797
30000142,Stormfyst II,Dramiel,1883
30000185,Buka Kado,Capsule,384
30000144,Jaguar Meza,Executioner,1086
30000144,Chin Chon Binbon,Capsule,402
30000144,Pod-Goo Repoman,Thrasher,2669
30000138,jhon Dot,Ibis,558
30000144,Chin Chon Binbon,Merlin,1594
30000142,Angel Ambrosia,Capsule,448
30000156,mekirite Kautsuo,Rifter,2026
30000142,Chel Visteen,Bestower,2093
30000142,Chel Visteen,Capsule,440
30000142,Silvion,Raptor,1443
30000142,Silvion,Capsule,461
30000142,Angel Ambrosia,Catalyst,3799
30000144,Jed Peterson,Ferox,18392
30000142,BigBruce Solette,Ares,1032
30000142,HOCOK 666,Thrasher,2623
30000142,HOCOK 666,Capsule,461
30000156,Essif Rar,Slasher,2146
30000156,The Rockefeller,Rifter,2298
30000156,Rando Ary,Rupture,9827
30000156,s33k3r Atram,Rifter,2891
30000156,Red SmashMOUTH,Vexor,16005
30000156,Blackjack OHare,Thrasher,3076
30000156,TREMENDOJ,Vexor,9550
30000148,badermax,Catalyst,2621
30000142,Kami Forever Shiyurida,Capsule,402
30000142,Kami Forever Shiyurida,Merlin,2219
30000156,Krividus Crucil,Cormorant,4598
30000156,Tara Dian,Punisher,3481
30000156,LardOfChaos,Caracal,15740
30000156,Blackjack OHare,Rupture,9326
30000156,Dj BigBelow,Merlin,2906
30000156,Essif Rar,Slasher,2096
30000156,Kalyn,Kestrel,3231
30000156,Charles Burger,Rupture,15634
30000156,Red SmashMOUTH,Thorax,8767
30000156,irockpreggochics Kahoudi,Rifter,1992
30000156,The Rockefeller,Rifter,2249
30000156,Smoke heavy,Kestrel,2416
30000156,nitro oxide,Kestrel,1871
30000156,Alamuerta,Rupture,9139
30000143,IRONxSinnerMan,Harpy,2765
30000156,Sivato,Caracal,6875
30000156,Kalyn,Caracal,8445
30000156,Crazy Dogbreath,Executioner,1547
30000156,lord kershane,Omen,6426
30000156,Jonny Chastot,Atron,1413
30000156,Johnny Doner,Tristan,2032
30000157,Trandlar,Thrasher,4683
30000156,Goladin,Catalyst,3135
30000144,Soturno,Thrasher,2907
30000144,dhunpael,Capsule,469
30000144,Aaaarrgg,Thrasher,2798
30000144,Intrudersha,Ares,1375
30000143,Lyna Alory,Venture,616
30000143,Lyna Alory,Capsule,409
30000142,Johnroger,Inner Zone Shipping Imicus,1080
30000142,Johnroger,Capsule,458
30000156,Bimba Xabiba,Heron,850
30000142,Creire Panacan,Velator,581
30000142,Creire Panacan,Capsule,390
30000142,SupernovaPilot,Slasher,2866
30000142,Creire Panacan,Velator,581
30000142,Omega Bujin,Vexor,7609
30000142,corey Achasse,Capsule,454
30000156,The Rockefeller,Rifter,2243
30000156,Drezzster,Imperial Navy Slicer,2273
30000142,Gotan Germaniae,Capsule,391
30000182,Angell Beats,Mobile Tractor Unit,30890
30000142,corey Achasse,Purifier,1211
30000142,Dzoni Cross,Punisher,1500
30000142,Dzoni Cross,Capsule,428
30000143,Rybik Baginskyi,Capsule,424
30000144,HOCOK 666,Reaper,593
30000143,March rabbit,Catalyst,3227
30000144,Nemtrac 420Confirmed,Capsule,414
30000143,Rybik Baginskyi,Iteron Mark V,1739
30000139,Phaezon,Capsule,461
30000169,KhaDi,Caracal,8719
30000142,White Kashada,Cormorant,2502
30000142,White Kashada,Capsule,419
30000144,Janus Konor,Capsule - Genolution Auroral 197-variant,461
30000144,Anharat,Capsule,461
30000163,PriceCheckOnAisleJita,Ibis,488
30000144,Aaaarrgg,Thrasher,2798
30000156,Parumph,Condor,1021
30000156,Winter S Daimon,Rifter,2146
30000156,Dzoni Cross,Coercer,3262
30000156,Hank Aldent,Corax,2917
30000156,Lord Malic,Breacher,1360
30000144,Anharat,Crow,1394
30000144,Chin Chon Binbon,Merlin,1595
30000144,Chin Chon Binbon,Capsule,402
30000169,FolkoAlt1,Worm,4735
30000156,Billybobjonesjones,Caracal,9435
30000156,Sharkey Mesaana,Caracal,13858
30000156,Ghenghes Khan,Punisher,3316
30000156,Martha Gomerz,Caracal,13438
30000145,Pathe Alyeh,Ibis,544
30000156,Tara Dian,Coercer,2660
30000156,Brullig,Thrasher,2991
30000140,goner Macha,Capsule,431
30000140,goner Macha,Ibis,583
30000156,Mezzanti,Stabber,20676
30000139,Thore Nightmare,Capsule,391
30000146,Bersecker Palm,Retriever,6730
30000156,Hank Aldent,Caracal,14730
30000144,Nexus Omni,Thrasher,2713
30000144,Nexus Omni,Capsule,450
30000156,dark102042 Arzi,Maller,20121
30000156,Skooney,Talwar,3286
30000144,Pathe Alyeh,Sukuuvestaa Heron,825
30000146,Kimi Gidrini,Catalyst,2854
30000146,LillaErika,Catalyst,2727
30000156,Essif Rar,Slasher,2635
30000156,Johnny Passagana,Rifter,2616
30000156,Danny Ikkala,Rifter,1500
30000156,Red SmashMOUTH,Tristan,1637
30000156,Winter S Daimon,Rifter,2140
30000156,Alamuerta,Rupture,11170
30000156,Brullig,Vigil,2324
30030141,Kosswoman,Caracal,9710
30000156,Goladin,Ares,1696
30000163,mastaBLASTA88,Capsule,402
30000163,mastaBLASTA88,Reaper,513
30000186,Maxim Romanovskij,Capsule,384
30000186,Maxim Romanovskij,Venture,521
30000156,Essif Rar,Slasher,2099
30000156,Maximus Rigormortis,Moa,19942
30000144,DreamRipperOs,Capsule,438
30000156,9Bone Xaak,Kestrel,1540
30000156,Lynn Noel,Kestrel,2078
30000156,Brullig,Rifter,1851
30000156,Beben GT,Condor,1303
30000156,Ghenghes Khan,Punisher,3312
30000156,Vanth Sorath,Tormentor,1393
30000156,Romero Parada,Tristan,6073
30000156,Johnny Passagana,Rifter,3225
30000156,lord kershane,Corax,4917
30000144,Aaaarrgg,Capsule,450
30000144,Aaaarrgg,Thrasher,2873
30000169,XSpoonX,Tengu,10674
30000156,Danny Ikkala,Rifter,956
30000156,Redpunzel,Incursus,2174
30000156,Danny Ikkala,Rifter,956
30000156,Redpunzel,Incursus,2174
30000142,lalala Airu,Amarr Shuttle,534
30000144,Jaguar Meza,Capsule,384
30000144,Jaguar Meza,Executioner,1085
30000156,Van Doe,Condor,1043
30000144,Nuvulo,Impairor,629
30000144,HOCOK 666,Taranis,1721
30000145,Arnex Nolen,Capsule,391
30000144,Fisty McBumbasher,Talwar,2620
30000144,Solon Macharius,Capsule,391
30000144,Aaaarrgg,Thrasher,2797
30000186,MyNameIsInga,Coercer,8233
30000144,cinnamon Itonula,Merlin,1314
30000144,Yakov Chess,Tristan,2418
30000144,IRONxSinnerMan,Harpy,2542
30000143,Avio Yaken,Capsule,432
30000143,Avio Yaken,Ibis,581
30000156,darkshadowalpha,Stabber,6392
30000144,Candy Suger,Tristan,1667
30000142,Beeroid Kusoni,Heron,1067
30000144,Aaaarrgg,Thrasher,2801
30000144,Asda Estemaire,Capsule,413
30000142,BLEEHHHHHHH,Leopard,557
30000156,Ghenghes Khan,Punisher,3324
30000156,ZacK Dust,Thorax,6144
30000156,Essif Rar,Slasher,3014
30000156,Ray Oxy,Caracal,10235
30000200,Nintsu Tailar,Probe,898
30000145,Valerius Kampiyo,Merlin,1451
30000145,Valerius Kampiyo,Capsule,429
30000156,Bormus Aurelious,Thrasher,3928
30000156,Johnny Passagana,Rifter,2405
30000156,Redpunzel,Incursus,2165
30000156,s33k3r Atram,Thrasher,4667
30000156,DIGGER1,Thorax,11152
30000156,SlugNuts,Stiletto,3560
30000156,Cpt Pugwash,Incursus,3597
30000142,goner Macha,Ibis,583
30000144,xara bakara,Burst,2653
30000156,Johnny Passagana,Rifter,2426
30000156,Legedric Striker,Kestrel,1497
30000142,Loko Red,Kestrel,1362
30000142,Lucius Fray,Capsule,458
30000144,Lance Okasai,Capsule,412
30000143,Foreman Ultra,Ibis,571
30000142,Lucius Fray,Buzzard,1423
30000142,Colin Mond,Capsule,394
30000144,Lance Okasai,Ibis,558
30000142,Colin Mond,Venture,837
30000143,Iskie2,Capsule,413
30000143,Riksus Igunen,Capsule,432
30000145,PoddingYou POD,Capsule,391
30000145,Evgen Lutov,Capsule,416
30000144,Etrayu Herbolth,Venture,670
30000143,Foreman Ultra,Heron,825
30000156,Johnny Passagana,Rifter,2821
30000156,shadowboy9,Thrasher,4737
30000156,Cosmo Blink,Stabber,8214
30000144,SUZY 4,Manticore,1046
30000144,SUZY 4,Capsule,447
30000156,Yngvarr Khshayarsha,Caracal,13479
30000144,Praelar Marlinsano,Reaper,497
30000156,Weizmir,Incursus,4167
30000156,Amon Ardailles,Rifter,3862
30000156,ZacK Dust,Merlin,2706
30000156,Brullig,Slasher,1502
30000143,RedCoke saladin,Capsule,538
30000156,Xantcha Valor,Condor,2229
30000142,Zikfrit Koraka,Caldari Navy Hookbill,12537
30000145,ShadowSwordsQC FoxCorp,Armageddon,25604
30000142,Lucius Fray,Sentinel,1360
30000145,Phil Omnipotence,Rifter,1382
30000145,Phil Omnipotence,Capsule,422
30000142,Andrei Ikkala,Tristan,5481
30000144,Tomorrow a Mystery,Capsule,399
30000142,Private Conrad,Buzzard,1334
30000144,Tomorrow a Mystery,Mammoth,1458
30000156,Goladin,Catalyst,4642
30000139,Vlastelin Colec,Capsule,417
30000169,mahin300 Aakiwa,Venture,622
30000142,Sheldon-Lee Cooper,Capsule,453
30000143,ABREK Kurvora,Capsule,397
30000156,Vanth Sorath,Coercer,3106
30000143,ABREK Kurvora,Kestrel,1368
30000157,Yngvarr Khshayarsha,Caracal,12220
30000157,DIGGER1,Condor,1090
30000142,Grad Yassavi,Velator,591
30000144,Psixollon Norwayman,Capsule,413
30000144,Psixollon Norwayman,Condor,1002
30000156,Dzoni Cross,Tormentor,1443
30000156,Vanth Sorath,Coercer,3872
30000197,canio zarj,Vagabond,14865
30000163,Benderio Rodriguez,Heron,1071
30000197,Nikole Lazond,Oracle,29172
30000156,LEFTWINGCLIP,Prophecy,24473
30000154,Winston Beldrulf,Slasher,1012
30000145,PoddingYou POD,Capsule,392
30000142,yukio naka,Executioner,2728
30000145,Wrekinz Rin,Capsule,402
30000163,Gageypoo,Impairor,611
30000139,Lex Doe,Capsule,442
30000142,GEK Firn,Navitas,845
30000130,Etrayu Herbolth,Capsule,413
30000144,Allannon kado,Capsule,435
30000130,Etrayu Herbolth,Venture,669
30000142,cynoCLARA,Capsule,425
30000144,Allannon kado,Caldari Shuttle,534
30000156,Frank Bean,Atron,4333
30000156,Xander Mander,Caldari Navy Hookbill,4534
30000142,cynoCLARA,Ibis,566
30000142,Kruger Ellecon,Gallente Shuttle,545
30000142,cynoCLARA,Capsule,425
30000142,Kruger Ellecon,Capsule,458
30000142,Nymeria Sandy,Reaper,490
30000142,Error sashka,Ibis,591
30000142,cynoCLARA,Buzzard,1297
30000144,Laeternalis Arkchantalia,Capsule,420
30000144,Laeternalis Arkchantalia,Magnate,706
30000142,Minzy Shaishi,Ibis,601
30000144,Blake Walan,Velator,687
30000162,Kiko Arji,Ibis,488
30000156,Integra Kusanagi,Stabber,13149
30000142,Silias Shintae,Leopard,467
30000142,Silias Shintae,Capsule,407
30000156,Bones MacAttack,Atron,1771
30000197,Mr Vapuro,Augoror,7673
30000197,Mr Vapuro,Capsule,461
30000163,,Caldari Control Tower,56497961
30000156,Ray Oxy,Kestrel,2357
30000142,Jingke Assassin,Capsule,461
30000142,Nago,Reaper,596
30000142,Nago,Capsule,442
30000142,Jingke Assassin,Ibis,625
30000142,TheShadow777,Ibis,625
30000142,TheShadow777,Capsule,461
30000156,lolkol Hekki,Merlin,2974
30000139,Blaze Noire,Capsule,461
30000156,Vanth Sorath,Executioner,1044
30000138,Laz Poul,Capsule,458
30000145,PoddingYou POD,Capsule,97
30000162,Kiko Arji,Capsule,407
30000156,Tem Frey,Slasher,1974
30000156,Avhran Illat,Slasher,1186
30000142,4Eburek,Ibis,625
30000156,Iredude,Tristan,2944
30000162,Kiko Arji,Ibis,488
30000142,Gaal Drudkh,Capsule,465
30000144,Fantasia El,Kestrel,1477
30000138,Konard,Corax,2733
30000145,Fyxtc,Capsule,442
30000156,SlugNuts,Maelstrom,43138
30000144,Bishop Abzalon,Kestrel,2198
30000144,Wolkus Rotsuda,Capsule,400
30000163,Jack of Hearts,Magnate,1031
30000144,Wolkus Rotsuda,Heron,910
30000138,STELLS-KILLER,Incursus,1938
30000162,Ohamma Hammer,Heron,930
30000163,Assjax33,Heron,1010
30000143,Angel kresta,Ibis,526
30000143,Angel kresta,Capsule,391
30000144,Crisisboy,Oracle,13342
30000144,XeeN Aurilen,Ferox,27040
30000142,Carter Phoenix,Imicus,885
30000144,Blake Walan,Amarr Shuttle,557
30000142,Alexander Brodyaga,Capsule,450
30000156,Jamier Legov,Maller,17936
30000156,Vanth Sorath,Executioner,1043
30000144,VorakMAN,Stratios,13458
30000144,VorakMAN,Capsule,461
30000142,Kwame Khardula,Capsule,421
30000142,Kwame Khardula,Venture,655
30000156,Lord Malic,Tristan,8803
30000143,Vishika,Capsule,450
30000142,Donnic,Capsule,461
30000142,Donnic,Thrasher,3068
30000144,Jaguar Meza,Capsule,383
30000156,dark102042 Arzi,Tristan,3152
30000143,Vishika,Crucifier,1038
30000144,Jaguar Meza,Executioner,1084
30000138,Darsis Saisima,Capsule,387
30000144,Alexander Brodyaga,Occator,12480
30000156,Tem Frey,Rupture,10981
30000144,Alexander Brodyaga,Capsule,455
30000156,Frank Bean,Breacher,10168
30000138,Darsis Saisima,Rokh,28409
30000156,Zensasha,Punisher,4092
30000138,Riksus Igunen,Capsule,432
30000162,Sasha Crystal,Capsule,461
30000156,Adrasteia Rhamnusia,Incursus,2584
30000138,Riksus Igunen,Bantam,2722
30000162,Sasha Crystal,Ibis,625
30000144,Zusulo,Tornado,5437
30000156,9Bone Xaak,Breacher,2519
30000156,Khador Vess,Atron,1350
30000144,Mary Austrene,Capsule,384
30000156,Negrodamus Hohenzollern,Punisher,4222
30000156,PhenixJr,Merlin,2244
30000156,Rise Altol,Executioner,1599
30000156,SuperNova221,Rifter,3426
30000156,SlugNuts,Rifter,2980
30000156,Colonel Auralia,Incursus,3478
30000156,Tokan Hasmephry,Incursus,2523
30000156,Exosphere,Executioner,1608
30000156,Winter S Daimon,Rifter,2305
30000138,Hula Hita,Capsule,407
30000139,Pookcaj Hakutou,Capsule,384
30000144,Becham,Capsule,434
30000144,Becham,Badger,5007
30000144,Douglas Maximus,Capsule,474
30000186,Denior Joat,Slasher,2420
30000144,Douglas Maximus,Leopard,588
30000144,Yurdenan Ellecon,Capsule,430
30000156,lolkol Hekki,Merlin,2829
30000156,Dj BigBelow,Velator,634
30000144,Yurdenan Ellecon,Heron,803
30000144,Morwina Alleile,Capsule,399
30000145,President Gibbs,Venture,750
30000144,Morwina Alleile,Velator,592
30000163,Jack of Hearts,Magnate,1022
30000197,Machtoa,Buzzard,1279
30000143,KOLLEKCIOHEP,Caldari Navy Hookbill,2070
30000138,Exod Kugisa,Tayra,3234
30000162,Brabus MercedesBenz,Tayra,3007
30000197,Joe Homerus,Crow,1306
30000144,Wolkus Rotsuda,Ibis,556
30000162,Darwin Archimede,Heron,880
30000144,HazyShade,Vherokior Probe,3919
30000144,HazyShade,Capsule,458
30000162,Wyatt Kuha,Providence,169569
30000142,Svyatoslav Roerich,Kestrel,2837
30000162,Maltov Makanen,Rifter,1507
30000197,Doria Morgen,Crusader,1578
30000144,Wolkus Rotsuda,Capsule,400
30000138,Veronika Altius,Thrasher,2764
30000144,Wolkus Rotsuda,Ibis,541
30000197,Volodya Rokfeller,Velator,583
30000162,State Hauler,Ibis,538
30000163,Lieutenant John Pike,Heron,1053
30000138,Abybe Oramara,Condor,917
30000180,Ildys Kado,Mobile Tractor Unit,50511
30000144,HazyShade,Mammoth,2266
30000154,TREMENDOJ,Condor,1388
30000144,Wolkus Rotsuda,Capsule,400
30000162,Chichi goten,Velator,495
30000144,Wolkus Rotsuda,Heron,899
30000162,Sephora Actual,Ibis,510
30000142,Meltropis,Capsule,467
30000186,Dudi Ripper,Capsule,418
30000186,Dudi Ripper,Drake,18881
30000186,Rain Stormcloud,Capsule,421
30000162,State Hauler,Ibis,538
30000186,Rain Stormcloud,Caldari Shuttle,512
30000162,Lost9,Ibis,517
30000144,zyalino,Prorator,4644
30000125,,Caldari Control Tower Small,14729186
30000156,Nollaaja4,Ibis,517
30000144,TOXA KARPICH,Capsule,451
30000156,Bones MacAttack,Atron,1785
30000156,SlugNuts,Executioner,1792
30000144,TOXA KARPICH,Talos,7006
30000139,TheSK,Capsule,424
30000162,Sephora Actual,Ibis,520
30000199,Jok3Rrs,Vexor,25256
30000186,Aschien Kashada,Procurer,27244
30000156,Colonel Auralia,Cormorant,2779
30000153,Ladgerda Belleville,Tayra,6096
30000186,sokol18 Binchiette,Vexor,5353
30000156,PhenixJr,Merlin,2922
30000154,Winter S Daimon,Rifter,3481
30000186,sokol18 Binchiette,Capsule,387
30000156,DIGGER1,Thrasher,5317
30000156,mahadin,Crusader,1596
30000156,Martha Gomerz,Condor,1044
30000162,Radical TwistofFate,Ibis,523
30000182,Vynrial Esubria,Capsule,447
30000139,Onzo Eto,Capsule,436
30000156,Ghenghes Khan,Coercer,5841
30000186,FilimoN I,Drake,19346
30000186,FilimoN I,Capsule,424
30000182,Vynrial Esubria,Velator,666
30000156,Bones MacAttack,Catalyst,3075
30000156,Winter S Daimon,Rifter,2598
30000162,Radical TwistofFate,Capsule,391
30000156,The Gammong,Dragoon,4693
30000162,Sephora Actual,Capsule,384
30000162,Radical TwistofFate,Ibis,523
30000162,Radical TwistofFate,Capsule,391
30000162,Radical TwistofFate,Ibis,523
30000162,Sephora Actual,Ibis,506
30000143,CrowJane,Capsule,419
30000162,Radical TwistofFate,Capsule,391
30000156,Bones MacAttack,Tristan,2189
30000162,Sephora Actual,Capsule,384
30000143,CrowJane,Ibis,578
30000143,Fridrih Urman,Capsule,405
30000162,Sephora Actual,Ibis,517
30000162,Radical TwistofFate,Ibis,523
30000162,Sephora Actual,Capsule,384
30000156,Void Touch,Rifter,5541
30000162,Sephora Actual,Ibis,517
30000156,Winter S Daimon,Rifter,2598
30000156,Negrodamus Hohenzollern,Maller,17561
30000156,lolkol Hekki,Merlin,2779
30000144,nameless Mayaki,Bantam,1117
30000144,nameless Mayaki,Capsule,413
30000156,xxlluffa,Incursus,9353
30000156,Darren Panala,Kestrel,3613
30000162,Lili Disaster,Reaper,497
30000186,Tombstone Carver,Slasher,3112
30000142,Jane Clarence,Hyperion,64977
30000156,lolkol Hekki,Merlin,2746
30000154,Martha Gomerz,Condor,1910
30000155,Hidz Yaken,Incursus,1659
30000155,Hidz Yaken,Capsule,450
30000186,Saul Goodmans,Cormorant,3393
30000162,McJack Sully,Reaper,490
30000139,Pentha Sukarala,Capsule,433
30000144,Richard Futhark,Cormorant,2633
30000144,Richard Futhark,Capsule,417
30000156,Zwille Zwanglos,Iteron Mark V,1381
30000145,Lilit Nya,Bantam,1195
30000162,jimelou FDE Newar,Drake,18224
30000144,Aaaarrgg,Thrasher,2799
30000163,Jack of Hearts,Magnate,987
30000197,canio zarj,Drake,37849
30000197,Gray Kalfren,Hurricane,27424
30000162,sikshotsgt Renalard,Capsule,454
30000144,Zwo Zateki,Mobile Depot,11255
30000144,Zwo Zateki,Mobile Depot,12030
30000142,Yummy Yummy Yummy,Catalyst,2326
30000186,Xarlox,Slasher,2394
30000186,Denior Joat,Slasher,2252
30000186,Carlita Desposito,Tornado,6599
30000142,Max Gipfel,Capsule,445
30000169,MienD,Sin,30436
30000142,Max Gipfel,Velator,655
30000144,Sange Virpio,Capsule,408
30000142,Jax Peliot Garander,Miasmos,5013
30000162,Devalo,Deimos,10141
30000162,Lili Disaster,Reaper,497
30000153,Carmeth Andari,Velator,680
30000153,Tau Paul Aihaken,Capsule,461
30000153,Tyrek Marlinsano,Reaper,584
30000142,ssssasdasdadawd Otsito,Capsule,384
30000144,Fonsbi Issier,Capsule,451
30000169,Tamara Win,Hurricane,21337
30000162,Tyddewi Kouvo,Ibis,517
30000162,Protek Pronter,Velator,609
30000186,Crusader Colossus,Myrmidon,14964
30000186,Miku Append,Maller,16842
30000162,Tolsto,Reaper,450
30000139,erekiel,Wreathe,17513
30000139,erekiel,Capsule,450
30000186,mastaBLASTA88,Capsule,401
30000186,mastaBLASTA88,Reaper,513
30000199,steady,Astarte,20331
30000199,Dato Koppla,Sleipnir,29547
30000156,Yankunytjatjara,Corax,3094
30000142,ApTI1k,Epithal,4128
30000119,Majin Boo Naari,Hulk,6786
30000139,Beda13,Capsule,438
30000142,I like PEW,Capsule,391
30000186,Andrey Kelmalu,Capsule,461
30000186,Andrey Kelmalu,Talos,19013
30000142,astalyne altol,Capsule,384
30000169,Dusty Attemboroux,Proteus,6223
30000186,Forsi Amatin,Vexor,6114
30000144,Gwladys Mims,Capsule,458
30000142,Tral Karith,Probe,1111
30000162,Dani Black,Iteron Mark V,1691
30000142,Khan Skor,Slasher,2684
30000186,Walker Anneto,Venture,632
30000186,Walker Anneto,Capsule,420
30000142,MooN AJ,Taranis,1645
30000142,MooN AJ,Capsule,454
30000142,TaiChar Jouhinen,Capsule,413
30000156,DIGGER1,Breacher,3531
30000156,Carinebudden,Atron,4028
30000156,Joe Grayne,Atron,1343
30000153,Ghost InTheShip,Tayra,3486
30000156,Joe Grayne,Atron,3414
30000157,Fi Gus,Thrasher,4382
30000156,Lilit Nya,Sukuuvestaa Heron,929
30000153,Jormun Kamu,Slasher,2092
30000142,Varvar Skir,Mobile Tractor Unit,45437
30000142,Artem BY,Harpy,4512
30000156,Joe Grayne,Atron,4948
30000139,Boring SpaceMarine,Capsule,432
30000169,iBeacon 1,Bantam,1086
30000156,Hadriel Virpio,Atron,1301
30000156,Winter S Daimon,Rifter,2139
30000156,Beowulf X,Vengeance,2997
30000142,zecklen Anneto,Incursus,1676
30000157,TREMENDOJ,Condor,1789
30000156,Legedric Striker,Kestrel,7154
30000164,iHunter,Omen,9703
30000156,Michael Buble,Punisher,3748
30000156,Fi Gus,Ishkur,3683
30000156,EnyoEnyoEnyoEnyoEnyoEnyo EnyoEnyoEnyo,Incursus,2909
30000156,Legedric Striker,Kestrel,4593
30000156,Joe Grayne,Atron,2547
30000156,Ace Rimmmer,Rupture,7910
30000157,Winry Tapferstahl,Kestrel,1350
30000145,Serena Ituis,Ibis,610
30000156,Joe Grayne,Atron,2329
30000153,Sentis Nalelmir,Merlin,3176
30000156,Michael Buble,Catalyst,3016
30000156,Ace Rimmmer,Rupture,7905
30000142,Drakoon Oumis,Capsule,439
30000156,Legedric Striker,Kestrel,4828
30000182,Ekotaru,Crucifier,791
30000182,ylo Keikira,Mobile Tractor Unit,50328
30000156,Joe Grayne,Atron,2060
30000142,Evrus,Leopard,556
30000186,Jason Primary,Capsule,402
30000145,Carmeth Andari,Velator,680
30000186,Jason Primary,Cormorant,2522
30000156,Joe Grayne,Atron,1693
30000145,Praelar Maanz,Reaper,593
30000145,Tarlence,Ibis,625
30000145,Aedaric,Reaper,594
30000145,Tau Paul Aihaken,Ibis,625
30000145,Moba Ge,Ibis,625
30000145,Tyrek Marlinsano,Reaper,585
30000139,Jrkan Yarik,Capsule,461
30000156,Ace Rimmmer,Thrasher,2630
30000156,xXDIESLEXx,Incursus,2996
30000156,lolkol Hekki,Merlin,1440
30000156,Cmdr FlipFlop,Dragoon,5097
30000156,Legedric Striker,Kestrel,4091
30000142,Will Hendar,Capsule,416
30000142,Will Hendar,Reaper,538
30000162,Selina S,Iteron Mark V,1604
30000200,Beast necromancer,Proteus,29528
30000142,Melinhor XIIV,Capsule,444
30000142,Omnomnom Nomz,Gallente Shuttle,448
30000145,Admiral Chrom,Thrasher,2557
30000156,Irka Khamsi,Executioner,1235
30000145,Van Doe,Ibis,601
30000156,xXDIESLEXx,Coercer,2772
30000142,Lillith Estidal,Heron,820
30000156,kellys woman,Slasher,1835
30000142,MourningWolf,Capsule,394
30000169,Igor Stravini,Heron,878
30000142,MourningWolf,Stratios,7285
30000180,Kirra Tarren,Venture,656
30000186,Frixiooon,Federation Navy Comet,3646
30000142,Omnomnom Nomz,Capsule,391
30000144,Aedrum,Abaddon,29340
30000144,Aedrum,Capsule,458
30000142,RIPkillemall,Capsule,461
30000142,RIPkillemall,Buzzard,1371
30000186,Maer Ling,Caracal,8429
30000186,Maer Ling,Capsule,413
30000139,Awot Awot,Impairor,656
30000156,Erymrog,Talwar,4104
30000156,jesta9987,Ishtar,25716
30000156,Jormun Kamu,Breacher,1623
30000142,Arhangel13 Arhangel13,Miasmos,2523
30000156,Sentis Nalelmir,Incursus,1866
30000156,Jagtor,Rifter,2944
30000169,Felborne Moonlight,Breacher,1278
30000156,jesta9987,Incursus,1938
30000156,Jita Knight Tsasa,Executioner,1828
30000157,Dexter Philips,Tristan,1667
30000157,Chap Uitoh,Atron,1303
30000139,CyRiLPaSTiS1,Capsule,387
30000139,CyRiLPaSTiS1,Ibis,527
30000157,Chap Uitoh,Wolf,2648
30000142,KARASFISH22 RIBA,Merlin,2227
30000142,KARASFISH22 RIBA,Capsule,395
30000157,Jason Barksdale,Merlin,1711
30000162,Sasha Crystal,Ibis,625
30000142,Alphea Demigod,Bestower,5092
30000144,ammarianec xxx,Capsule,407
30000186,Gottl Gum,Hurricane,19391
30000142,Hi There 01,Amarr Shuttle,574
30000144,ammarianec xxx,Retriever,6511
30000142,Morus III,Augoror,10883
30000142,doc know,Thrasher,2903
30000142,zecklen Anneto,Wolf,2914
30000156,Because WhyNot,Rifter,1857
30000142,Pulber,Capsule,461
30000142,Pulber,Caldari Shuttle,557
30000162,GTO-2,Ibis,517
30000142,Valeriy Arendarenko,Capsule,447
30000142,Valeriy Arendarenko,Viator,6594
30000142,Boo Hill,Hawk,5329
30000142,Ronan Dex Askulf,Thrasher,2487
30000145,Xavier Domino,Drake,33967
30000142,Sir Ivan McButts,Capsule,402
30000142,Anatoly Punishment,Ibis,558
30000142,Anatoly Punishment,Capsule,413
30000142,Sir Ivan McButts,Executioner,1142
30000157,Lord Malic,Omen,23716
30000142,Reikkonkun,Crusader,1298
30000142,Infernari Ellecon,Iteron Mark V,1602
30000156,ArcLos Xyn,Talwar,3776
30000156,Bacon Pizza,Crucifier,1854
30000142,Xezox,Ibis,543
30000142,Xinth,Raptor,1431
30000142,Travis Erata,Capsule,428
30000142,Cain Commissar,Velator,633
30000142,Cain Commissar,Capsule,428
30000142,Travis Erata,Caldari Shuttle,510
30000142,Smoke Atrun,Mammoth,2686
30000142,Lance Okasai,Capsule,413
30000157,Angelo427,Punisher,2003
30000180,Kirra Tarren,Slasher,896
30000144,Ascetic Ray,Capsule,436
30000142,kot penoplast,Capsule,442
30000142,Shauni Avellar,Capsule,458
30000142,kot penoplast,Caldari Navy Hookbill,2250
30000157,kellys woman,Keres,2280
30000162,Mr Cyno One,Ibis,534
30000157,Nikel Dadunur,Rifter,3148
30000142,Hi There 01,Capsule,461
30000142,Dizel Kion,Kitsune,1107
30000142,Dizel Kion,Capsule,435
30000142,Usell Ibuy,Imicus,951
30000142,Lance Okasai,Capsule,413
30000156,Herus Heimdal,Tristan,2002
30000142,Lance Okasai,Merlin,1395
30000169,nikusyoku,Armageddon,53262
30000156,Moiare,Incursus,1990
30000162,Kaveesh,Executioner,1270
30000142,Delexii,Amarr Shuttle,501
30000156,Firey Jack,Incursus,4867
30000156,Herus Heimdal,Vexor,11580
30000142,pvp pve,Capsule,410
30000142,pvp pve,Condor,925
30000142,zecklen Anneto,Talwar,2719
30000142,Plastic Hinken,Sukuuvestaa Heron,930
30000156,ArcLos Xyn,Atron,1267
30000156,Angelo427,Punisher,2026
30000162,Dai,Ibis,625
30000156,Bacon Pizza,Atron,2668
30000142,Niko Disel,Capsule,466
30000142,Delexii,Ibis,565
30000156,Crazy Dogbreath,Maller,40862
30000142,kot penoplast,Gnosis,15482
30000156,Herus Heimdal,Vexor,11570
30000156,Nydon en Leaiux,Algos,4906
30000156,PLeonast,Algos,5552
30000156,Zohl,Crow,1471
30000142,Delexii,Capsule,421
30000142,Delexii,Amarr Shuttle,501
30000142,Felius Fog,Capsule,458
30000156,Moiare,Incursus,1976
30000142,Axe D Grams,Astero,1648
30000142,Axe D Grams,Capsule,447
30000142,Soopraholic,Capsule,461
30000142,Tank T72,Capsule,453
30000142,Freedom Munition,Ibis,542
30000142,Freedom Munition,Capsule,402
30000142,zecklen Anneto,Merlin,3233
30000186,Sergey Xottabich,Caracal,45611
30000142,Delexii,Capsule,421
30000142,Delexii,Bestower,1539
30000142,Soopraholic,Miasmos,2162
30000142,Lincog,Capsule,424
30000156,Moiare,Condor,1525
30000142,Lincog,Cormorant,3546
30000157,Yankunytjatjara,Atron,1278
30000142,Black Bart Pirate,Reaper,567
30000157,Nydon en Leaiux,Algos,3875
30000142,Blade Wesson,Reaper,527
30000142,Lance Okasai,Capsule,413
30000142,Blade Wesson,Capsule,422
30000142,Lance Okasai,Thrasher,2639
30000142,pvp pve,Capsule,410
30000142,Justin Spacemonkey,Raptor,1325
30000142,Justin Spacemonkey,Capsule,447
30000142,pvp pve,Condor,925
30000157,Kanabe Kaisan,Algos,3279
30000157,Jason Barksdale,Kestrel,1352
30000142,kot penoplast,Tayra,2422
30000142,kot penoplast,Capsule,443
30000142,Blade Wesson,Procurer,20950
30000142,Tank T72,Capsule,455
30000142,Masman Khurelem,Capsule,399
30000142,Masman Khurelem,Sigil,3907
30000142,Tank T72,Tayra,2486
30000156,Bacon Pizza,Rifter,1972
30000180,Krynn Delph,Rifter,4207
30000181,Tvornica Zakovica Cavlici,Mobile Tractor Unit,50414
30000142,Dominia Geronimo,Tristan,3561
30000157,Bacon Pizza,Rifter,2152
30000142,Iro Kozaki,Heron,1174
30000142,Hi There 01,Capsule,461
30000156,9Bone Xaak,Kestrel,1493
30000156,Mezzanti,Executioner,1177
30000153,Marijn Cadelanne,Nereus,5082
30000197,Ulfie Starke,Capsule,418
30000197,Ulfie Starke,Imicus,1004
30000144,1KaPitan Ochevidnost,Maller,6606
30000144,1KaPitan Ochevidnost,Capsule,413
30000156,schmitty Boirelle,Caracal,10542
30000142,xBlueLightx,Slasher,2753
